time,river_discharge
2019-01-01,21.03
2019-01-02,20.98
2019-01-03,20.93
2019-01-04,20.33
2019-01-05,19.56
2019-01-06,19.8
2019-01-07,19.7
2019-01-08,19.14
2019-01-09,18.63
2019-01-10,18.23
2019-01-11,17.84
2019-01-12,17.54
2019-01-13,17.24
2019-01-14,17.07
2019-01-15,16.99
2019-01-16,16.95
2019-01-17,16.82
2019-01-18,16.7
2019-01-19,16.58
2019-01-20,16.38
2019-01-21,16.18
2019-01-22,16.18
2019-01-23,16.7
2019-01-24,16.99
2019-01-25,22.28
2019-01-26,20.98
2019-01-27,19.14
2019-01-28,18.14
2019-01-29,17.45
2019-01-30,16.95
2019-01-31,16.58
2019-02-01,16.58
2019-02-02,16.54
2019-02-03,16.58
2019-02-04,16.7
2019-02-05,16.86
2019-02-06,21.03
2019-02-07,28.24
2019-02-08,25.42
2019-02-09,22.71
2019-02-10,21.75
2019-02-11,21.18
2019-02-12,20.58
2019-02-13,19.8
2019-02-14,19.23
2019-02-15,22.88
2019-02-16,22.33
2019-02-17,21.54
2019-02-18,21.39
2019-02-19,21.13
2019-02-20,20.58
2019-02-21,20.68
2019-02-22,20.04
2019-02-23,19.32
2019-02-24,18.86
2019-02-25,18.54
2019-02-26,19.09
2019-02-27,21.7
2019-02-28,20.88
2019-03-01,19.8
2019-03-02,19.32
2019-03-03,19.99
2019-03-04,19.61
2019-03-05,18.95
2019-03-06,18.45
2019-03-07,18.01
2019-03-08,17.62
2019-03-09,17.28
2019-03-10,17.07
2019-03-11,16.91
2019-03-12,16.7
2019-03-13,16.58
2019-03-14,16.46
2019-03-15,16.42
2019-03-16,16.42
2019-03-17,16.42
2019-03-18,16.38
2019-03-19,16.26
2019-03-20,16.1
2019-03-21,15.98
2019-03-22,15.87
2019-03-23,15.79
2019-03-24,15.71
2019-03-25,16.74
2019-03-26,16.7
2019-03-27,16.3
2019-03-28,15.98
2019-03-29,15.83
2019-03-30,15.67
2019-03-31,15.67
2019-04-01,15.98
2019-04-02,16.26
2019-04-03,16.5
2019-04-04,16.82
2019-04-05,17.2
2019-04-06,17.45
2019-04-07,17.58
2019-04-08,17.71
2019-04-09,17.71
2019-04-10,17.75
2019-04-11,17.75
2019-04-12,17.75
2019-04-13,17.71
2019-04-14,17.71
2019-04-15,17.62
2019-04-16,17.71
2019-04-17,20.33
2019-04-18,20.28
2019-04-19,19.8
2019-04-20,19.65
2019-04-21,19.51
2019-04-22,19.23
2019-04-23,19.0
2019-04-24,18.77
2019-04-25,18.54
2019-04-26,18.36
2019-04-27,18.23
2019-04-28,18.1
2019-04-29,17.97
2019-04-30,17.88
2019-05-01,17.88
2019-05-02,17.88
2019-05-03,18.1
2019-05-04,18.19
2019-05-05,18.23
2019-05-06,18.14
2019-05-07,18.01
2019-05-08,17.92
2019-05-09,17.79
2019-05-10,17.79
2019-05-11,17.79
2019-05-12,17.79
2019-05-13,17.84
2019-05-14,17.92
2019-05-15,17.88
2019-05-16,17.79
2019-05-17,17.71
2019-05-18,17.66
2019-05-19,17.58
2019-05-20,17.49
2019-05-21,17.45
2019-05-22,17.54
2019-05-23,17.58
2019-05-24,17.58
2019-05-25,17.66
2019-05-26,17.84
2019-05-27,18.1
2019-05-28,18.36
2019-05-29,18.68
2019-05-30,18.91
2019-05-31,19.14
2019-06-01,19.51
2019-06-02,19.84
2019-06-03,20.09
2019-06-04,20.13
2019-06-05,20.04
2019-06-06,19.84
2019-06-07,19.65
2019-06-08,19.46
2019-06-09,19.14
2019-06-10,18.77
2019-06-11,18.36
2019-06-12,18.1
2019-06-13,17.92
2019-06-14,17.71
2019-06-15,17.54
2019-06-16,17.32
2019-06-17,17.2
2019-06-18,17.11
2019-06-19,17.79
2019-06-20,18.01
2019-06-21,18.23
2019-06-22,18.36
2019-06-23,19.61
2019-06-24,19.23
2019-06-25,19.8
2019-06-26,30.12
2019-06-27,26.48
2019-06-28,22.93
2019-06-29,21.23
2019-06-30,20.23
2019-07-01,19.32
2019-07-02,20.68
2019-07-03,21.59
2019-07-04,21.49
2019-07-05,33.99
2019-07-06,32.19
2019-07-07,31.81
2019-07-08,47.31
2019-07-09,87.31
2019-07-10,92.11
2019-07-11,79.72
2019-07-12,62.39
2019-07-13,51.12
2019-07-14,44.81
2019-07-15,44.39
2019-07-16,42.75
2019-07-17,45.67
2019-07-18,55.75
2019-07-19,66.14
2019-07-20,70.45
2019-07-21,72.11
2019-07-22,76.8
2019-07-23,82.56
2019-07-24,95.38
2019-07-25,102.75
2019-07-26,127.23
2019-07-27,146.57
2019-07-28,153.53
2019-07-29,150.36
2019-07-30,139.6
2019-07-31,129.02
2019-08-01,125.18
2019-08-02,126.35
2019-08-03,129.92
2019-08-04,129.02
2019-08-05,137.68
2019-08-06,146.91
2019-08-07,155.68
2019-08-08,153.88
2019-08-09,149.31
2019-08-10,139.28
2019-08-11,131.13
2019-08-12,123.74
2019-08-13,123.17
2019-08-14,121.74
2019-08-15,122.88
2019-08-16,122.03
2019-08-17,123.17
2019-08-18,120.06
2019-08-19,119.5
2019-08-20,123.45
2019-08-21,157.12
2019-08-22,165.34
2019-08-23,180.97
2019-08-24,195.79
2019-08-25,208.89
2019-08-26,218.28
2019-08-27,224.42
2019-08-28,215.77
2019-08-29,201.77
2019-08-30,190.43
2019-08-31,191.31
2019-09-01,187.8
2019-09-02,183.5
2019-09-03,177.24
2019-09-04,173.18
2019-09-05,163.82
2019-09-06,156.4
2019-09-07,150.01
2019-09-08,142.22
2019-09-09,137.36
2019-09-10,126.94
2019-09-11,117.85
2019-09-12,111.46
2019-09-13,113.82
2019-09-14,108.4
2019-09-15,110.94
2019-09-16,123.45
2019-09-17,125.77
2019-09-18,129.92
2019-09-19,123.17
2019-09-20,117.03
2019-09-21,117.3
2019-09-22,111.72
2019-09-23,115.14
2019-09-24,114.35
2019-09-25,120.06
2019-09-26,129.62
2019-09-27,142.22
2019-09-28,149.31
2019-09-29,159.69
2019-09-30,160.44
2019-10-01,152.82
2019-10-02,150.01
2019-10-03,145.22
2019-10-04,139.6
2019-10-05,130.52
2019-10-06,119.78
2019-10-07,109.41
2019-10-08,99.93
2019-10-09,91.68
2019-10-10,84.31
2019-10-11,78.07
2019-10-12,72.11
2019-10-13,66.45
2019-10-14,61.37
2019-10-15,56.94
2019-10-16,53.08
2019-10-17,49.93
2019-10-18,47.19
2019-10-19,44.92
2019-10-20,42.85
2019-10-21,40.98
2019-10-22,40.3
2019-10-23,40.3
2019-10-24,40.5
2019-10-25,40.88
2019-10-26,41.27
2019-10-27,41.76
2019-10-28,42.25
2019-10-29,43.36
2019-10-30,45.03
2019-10-31,46.64
2019-11-01,47.08
2019-11-02,46.64
2019-11-03,46.1
2019-11-04,45.67
2019-11-05,45.45
2019-11-06,45.34
2019-11-07,45.03
2019-11-08,44.08
2019-11-09,42.65
2019-11-10,40.98
2019-11-11,39.55
2019-11-12,38.17
2019-11-13,36.93
2019-11-14,35.73
2019-11-15,34.56
2019-11-16,33.36
2019-11-17,32.34
2019-11-18,31.43
2019-11-19,30.7
2019-11-20,29.97
2019-11-21,29.41
2019-11-22,28.92
2019-11-23,28.51
2019-11-24,28.17
2019-11-25,27.84
2019-11-26,27.64
2019-11-27,27.38
2019-11-28,27.18
2019-11-29,26.99
2019-11-30,26.86
2019-12-01,26.29
2019-12-02,25.85
2019-12-03,25.42
2019-12-04,25.06
2019-12-05,24.82
2019-12-06,24.64
2019-12-07,24.53
2019-12-08,24.41
2019-12-09,24.29
2019-12-10,24.18
2019-12-11,24.06
2019-12-12,29.97
2019-12-13,45.88
2019-12-14,38.26
2019-12-15,34.32
2019-12-16,33.12
2019-12-17,31.66
2019-12-18,29.83
2019-12-19,28.17
2019-12-20,26.93
2019-12-21,26.04
2019-12-22,25.36
2019-12-23,24.82
2019-12-24,24.47
2019-12-25,24.18
2019-12-26,23.89
2019-12-27,23.66
2019-12-28,23.43
2019-12-29,23.27
2019-12-30,23.04
2019-12-31,22.88
2020-01-01,22.77
2020-01-02,28.31
2020-01-03,26.99
2020-01-04,24.82
2020-01-05,23.55
2020-01-06,22.82
2020-01-07,22.33
2020-01-08,26.8
2020-01-09,25.42
2020-01-10,23.83
2020-01-11,23.1
2020-01-12,22.6
2020-01-13,22.12
2020-01-14,21.59
2020-01-15,25.24
2020-01-16,45.67
2020-01-17,38.17
2020-01-18,32.73
2020-01-19,29.83
2020-01-20,27.44
2020-01-21,25.67
2020-01-22,24.35
2020-01-23,23.27
2020-01-24,22.55
2020-01-25,21.96
2020-01-26,21.49
2020-01-27,21.08
2020-01-28,22.55
2020-01-29,25.79
2020-01-30,24.23
2020-01-31,22.6
2020-02-01,22.23
2020-02-02,22.01
2020-02-03,21.96
2020-02-04,21.8
2020-02-05,21.49
2020-02-06,21.13
2020-02-07,20.88
2020-02-08,20.58
2020-02-09,20.38
2020-02-10,20.13
2020-02-11,19.99
2020-02-12,19.84
2020-02-13,19.65
2020-02-14,19.56
2020-02-15,19.51
2020-02-16,19.51
2020-02-17,19.42
2020-02-18,19.32
2020-02-19,19.18
2020-02-20,20.73
2020-02-21,21.03
2020-02-22,20.63
2020-02-23,20.48
2020-02-24,22.82
2020-02-25,23.1
2020-02-26,22.28
2020-02-27,21.7
2020-02-28,21.23
2020-02-29,22.33
2020-03-01,21.96
2020-03-02,21.18
2020-03-03,20.58
2020-03-04,20.09
2020-03-05,20.68
2020-03-06,35.31
2020-03-07,31.28
2020-03-08,28.31
2020-03-09,27.71
2020-03-10,27.12
2020-03-11,25.73
2020-03-12,27.77
2020-03-13,30.41
2020-03-14,27.77
2020-03-15,26.1
2020-03-16,25.79
2020-03-17,25.79
2020-03-18,25.36
2020-03-19,24.41
2020-03-20,23.6
2020-03-21,22.6
2020-03-22,21.7
2020-03-23,21.08
2020-03-24,20.58
2020-03-25,20.18
2020-03-26,19.8
2020-03-27,19.42
2020-03-28,19.09
2020-03-29,18.77
2020-03-30,18.54
2020-03-31,18.36
2020-04-01,18.54
2020-04-02,18.72
2020-04-03,19.0
2020-04-04,19.37
2020-04-05,19.61
2020-04-06,19.7
2020-04-07,19.65
2020-04-08,19.65
2020-04-09,19.61
2020-04-10,19.61
2020-04-11,19.61
2020-04-12,19.61
2020-04-13,19.51
2020-04-14,19.61
2020-04-15,19.7
2020-04-16,19.65
2020-04-17,19.61
2020-04-18,19.51
2020-04-19,19.42
2020-04-20,19.7
2020-04-21,19.7
2020-04-22,19.65
2020-04-23,19.65
2020-04-24,19.61
2020-04-25,19.56
2020-04-26,20.23
2020-04-27,20.23
2020-04-28,20.13
2020-04-29,20.13
2020-04-30,20.33
2020-05-01,20.73
2020-05-02,20.78
2020-05-03,20.73
2020-05-04,21.59
2020-05-05,22.17
2020-05-06,21.7
2020-05-07,21.65
2020-05-08,21.23
2020-05-09,20.88
2020-05-10,20.63
2020-05-11,20.43
2020-05-12,20.28
2020-05-13,20.13
2020-05-14,19.99
2020-05-15,19.84
2020-05-16,19.7
2020-05-17,19.56
2020-05-18,19.42
2020-05-19,19.28
2020-05-20,19.14
2020-05-21,19.04
2020-05-22,18.95
2020-05-23,18.95
2020-05-24,19.04
2020-05-25,19.23
2020-05-26,19.56
2020-05-27,19.89
2020-05-28,20.13
2020-05-29,20.48
2020-05-30,27.64
2020-05-31,33.59
2020-06-01,29.41
2020-06-02,26.54
2020-06-03,25.3
2020-06-04,37.02
2020-06-05,33.51
2020-06-06,29.06
2020-06-07,26.86
2020-06-08,25.3
2020-06-09,24.0
2020-06-10,22.99
2020-06-11,22.23
2020-06-12,21.8
2020-06-13,21.59
2020-06-14,21.44
2020-06-15,22.01
2020-06-16,21.96
2020-06-17,21.7
2020-06-18,26.86
2020-06-19,25.67
2020-06-20,24.0
2020-06-21,23.21
2020-06-22,28.92
2020-06-23,39.36
2020-06-24,42.55
2020-06-25,42.35
2020-06-26,37.55
2020-06-27,42.85
2020-06-28,55.49
2020-06-29,43.26
2020-06-30,35.31
2020-07-01,30.62
2020-07-02,27.38
2020-07-03,27.44
2020-07-04,28.17
2020-07-05,33.04
2020-07-06,57.75
2020-07-07,70.94
2020-07-08,81.22
2020-07-09,115.68
2020-07-10,127.23
2020-07-11,138.96
2020-07-12,141.56
2020-07-13,141.23
2020-07-14,133.28
2020-07-15,123.17
2020-07-16,113.82
2020-07-17,108.14
2020-07-18,103.71
2020-07-19,123.17
2020-07-20,124.03
2020-07-21,136.4
2020-07-22,150.71
2020-07-23,153.17
2020-07-24,148.62
2020-07-25,138.64
2020-07-26,129.02
2020-07-27,129.62
2020-07-28,144.88
2020-07-29,154.6
2020-07-30,173.98
2020-07-31,208.41
2020-08-01,216.27
2020-08-02,217.27
2020-08-03,219.8
2020-08-04,210.35
2020-08-05,198.07
2020-08-06,184.35
2020-08-07,171.98
2020-08-08,163.06
2020-08-09,159.69
2020-08-10,158.59
2020-08-11,166.88
2020-08-12,190.87
2020-08-13,212.3
2020-08-14,248.46
2020-08-15,292.76
2020-08-16,312.33
2020-08-17,321.11
2020-08-18,317.42
2020-08-19,303.79
2020-08-20,301.0
2020-08-21,310.89
2020-08-22,310.17
2020-08-23,297.54
2020-08-24,283.45
2020-08-25,272.53
2020-08-26,262.03
2020-08-27,248.46
2020-08-28,238.33
2020-08-29,223.39
2020-08-30,208.41
2020-08-31,193.54
2020-09-01,178.89
2020-09-02,169.22
2020-09-03,158.59
2020-09-04,147.25
2020-09-05,135.46
2020-09-06,125.18
2020-09-07,115.41
2020-09-08,106.4
2020-09-09,99.0
2020-09-10,91.68
2020-09-11,84.9
2020-09-12,78.07
2020-09-13,71.78
2020-09-14,66.45
2020-09-15,62.53
2020-09-16,59.39
2020-09-17,56.68
2020-09-18,54.46
2020-09-19,52.33
2020-09-20,50.17
2020-09-21,48.89
2020-09-22,49.47
2020-09-23,69.63
2020-09-24,75.91
2020-09-25,101.09
2020-09-26,139.6
2020-09-27,151.41
2020-09-28,140.58
2020-09-29,127.53
2020-09-30,115.41
2020-10-01,103.71
2020-10-02,94.06
2020-10-03,86.3
2020-10-04,79.91
2020-10-05,74.16
2020-10-06,69.15
2020-10-07,64.61
2020-10-08,60.66
2020-10-09,57.08
2020-10-10,53.95
2020-10-11,50.88
2020-10-12,48.09
2020-10-13,45.56
2020-10-14,43.46
2020-10-15,41.56
2020-10-16,40.02
2020-10-17,38.63
2020-10-18,37.37
2020-10-19,36.15
2020-10-20,35.22
2020-10-21,35.31
2020-10-22,36.15
2020-10-23,37.11
2020-10-24,38.08
2020-10-25,39.09
2020-10-26,39.93
2020-10-27,40.88
2020-10-28,42.25
2020-10-29,44.19
2020-10-30,45.99
2020-10-31,46.64
2020-11-01,46.32
2020-11-02,45.77
2020-11-03,45.34
2020-11-04,45.24
2020-11-05,45.13
2020-11-06,44.81
2020-11-07,43.87
2020-11-08,42.45
2020-11-09,40.88
2020-11-10,39.36
2020-11-11,37.99
2020-11-12,36.84
2020-11-13,35.73
2020-11-14,34.48
2020-11-15,33.43
2020-11-16,33.43
2020-11-17,33.04
2020-11-18,32.65
2020-11-19,32.04
2020-11-20,31.21
2020-11-21,30.41
2020-11-22,29.76
2020-11-23,29.2
2020-11-24,28.72
2020-11-25,28.38
2020-11-26,28.11
2020-11-27,27.84
2020-11-28,27.58
2020-11-29,27.38
2020-11-30,27.18
2020-12-01,26.61
2020-12-02,26.1
2020-12-03,25.67
2020-12-04,25.3
2020-12-05,25.0
2020-12-06,24.82
2020-12-07,24.7
2020-12-08,24.59
2020-12-09,24.47
2020-12-10,24.29
2020-12-11,24.18
2020-12-12,24.06
2020-12-13,23.89
2020-12-14,23.72
2020-12-15,23.55
2020-12-16,23.38
2020-12-17,23.21
2020-12-18,23.04
2020-12-19,22.93
2020-12-20,22.82
2020-12-21,22.66
2020-12-22,22.55
2020-12-23,22.44
2020-12-24,22.33
2020-12-25,22.28
2020-12-26,22.17
2020-12-27,22.01
2020-12-28,21.91
2020-12-29,21.8
2020-12-30,21.65
2020-12-31,21.49
2021-01-01,21.44
2021-01-02,21.34
2021-01-03,21.28
2021-01-04,20.83
2021-01-05,20.18
2021-01-06,19.65
2021-01-07,19.28
2021-01-08,19.0
2021-01-09,18.72
2021-01-10,18.5
2021-01-11,18.32
2021-01-12,18.14
2021-01-13,17.97
2021-01-14,17.88
2021-01-15,17.84
2021-01-16,17.79
2021-01-17,17.75
2021-01-18,17.66
2021-01-19,17.62
2021-01-20,17.58
2021-01-21,17.45
2021-01-22,17.32
2021-01-23,17.24
2021-01-24,17.37
2021-01-25,17.32
2021-01-26,17.11
2021-01-27,16.91
2021-01-28,16.7
2021-01-29,16.5
2021-01-30,16.38
2021-01-31,16.26
2021-02-01,16.46
2021-02-02,16.62
2021-02-03,16.78
2021-02-04,17.03
2021-02-05,17.41
2021-02-06,17.58
2021-02-07,17.66
2021-02-08,17.62
2021-02-09,17.58
2021-02-10,17.45
2021-02-11,17.37
2021-02-12,17.24
2021-02-13,17.16
2021-02-14,17.16
2021-02-15,17.24
2021-02-16,17.24
2021-02-17,17.32
2021-02-18,17.32
2021-02-19,17.28
2021-02-20,17.24
2021-02-21,17.16
2021-02-22,17.03
2021-02-23,16.91
2021-02-24,16.74
2021-02-25,16.5
2021-02-26,16.26
2021-02-27,16.02
2021-02-28,15.9
2021-03-01,15.75
2021-03-02,15.63
2021-03-03,15.63
2021-03-04,15.6
2021-03-05,15.48
2021-03-06,15.37
2021-03-07,15.33
2021-03-08,15.26
2021-03-09,15.26
2021-03-10,15.37
2021-03-11,15.44
2021-03-12,15.6
2021-03-13,15.79
2021-03-14,15.75
2021-03-15,15.6
2021-03-16,15.41
2021-03-17,15.26
2021-03-18,15.14
2021-03-19,15.11
2021-03-20,15.11
2021-03-21,15.11
2021-03-22,15.07
2021-03-23,15.0
2021-03-24,14.85
2021-03-25,14.63
2021-03-26,14.45
2021-03-27,14.45
2021-03-28,14.49
2021-03-29,14.45
2021-03-30,14.31
2021-03-31,14.14
2021-04-01,14.38
2021-04-02,14.63
2021-04-03,14.92
2021-04-04,15.48
2021-04-05,16.02
2021-04-06,16.38
2021-04-07,16.62
2021-04-08,16.78
2021-04-09,16.91
2021-04-10,16.99
2021-04-11,17.03
2021-04-12,17.11
2021-04-13,17.11
2021-04-14,17.11
2021-04-15,17.11
2021-04-16,17.11
2021-04-17,17.24
2021-04-18,17.24
2021-04-19,17.16
2021-04-20,17.11
2021-04-21,17.24
2021-04-22,17.32
2021-04-23,17.37
2021-04-24,17.41
2021-04-25,17.41
2021-04-26,17.37
2021-04-27,17.37
2021-04-28,17.32
2021-04-29,17.32
2021-04-30,17.32
2021-05-01,17.37
2021-05-02,17.45
2021-05-03,17.54
2021-05-04,17.58
2021-05-05,17.58
2021-05-06,17.58
2021-05-07,17.62
2021-05-08,17.66
2021-05-09,17.71
2021-05-10,18.45
2021-05-11,18.95
2021-05-12,19.32
2021-05-13,19.14
2021-05-14,19.04
2021-05-15,19.14
2021-05-16,19.18
2021-05-17,19.32
2021-05-18,22.77
2021-05-19,41.27
2021-05-20,40.02
2021-05-21,31.43
2021-05-22,27.51
2021-05-23,25.85
2021-05-24,24.59
2021-05-25,23.38
2021-05-26,22.44
2021-05-27,26.8
2021-05-28,26.93
2021-05-29,25.3
2021-05-30,23.89
2021-05-31,23.27
2021-06-01,24.7
2021-06-02,24.35
2021-06-03,23.89
2021-06-04,23.66
2021-06-05,23.27
2021-06-06,22.71
2021-06-07,22.12
2021-06-08,21.59
2021-06-09,21.08
2021-06-10,22.17
2021-06-11,23.43
2021-06-12,22.55
2021-06-13,37.82
2021-06-14,41.85
2021-06-15,43.26
2021-06-16,47.19
2021-06-17,56.41
2021-06-18,67.23
2021-06-19,69.63
2021-06-20,56.94
2021-06-21,52.95
2021-06-22,52.7
2021-06-23,56.81
2021-06-24,52.33
2021-06-25,48.55
2021-06-26,44.6
2021-06-27,41.17
2021-06-28,37.9
2021-06-29,34.97
2021-06-30,32.04
2021-07-01,29.34
2021-07-02,26.99
2021-07-03,25.73
2021-07-04,24.12
2021-07-05,22.82
2021-07-06,22.17
2021-07-07,21.7
2021-07-08,21.28
2021-07-09,20.83
2021-07-10,21.28
2021-07-11,23.49
2021-07-12,23.21
2021-07-13,22.12
2021-07-14,21.65
2021-07-15,21.49
2021-07-16,21.44
2021-07-17,30.62
2021-07-18,50.76
2021-07-19,47.98
2021-07-20,57.08
2021-07-21,81.41
2021-07-22,89.16
2021-07-23,91.26
2021-07-24,94.28
2021-07-25,90.83
2021-07-26,85.3
2021-07-27,84.51
2021-07-28,85.1
2021-07-29,96.72
2021-07-30,110.94
2021-07-31,128.42
2021-08-01,138.0
2021-08-02,137.36
2021-08-03,135.77
2021-08-04,131.43
2021-08-05,123.17
2021-08-06,116.22
2021-08-07,113.29
2021-08-08,109.66
2021-08-09,118.4
2021-08-10,122.31
2021-08-11,119.5
2021-08-12,113.55
2021-08-13,104.2
2021-08-14,94.72
2021-08-15,87.51
2021-08-16,81.79
2021-08-17,76.8
2021-08-18,72.45
2021-08-19,73.99
2021-08-20,82.18
2021-08-21,85.9
2021-08-22,99.0
2021-08-23,109.92
2021-08-24,120.34
2021-08-25,123.17
2021-08-26,136.72
2021-08-27,134.52
2021-08-28,126.06
2021-08-29,120.34
2021-08-30,121.18
2021-08-31,120.62
2021-09-01,126.35
2021-09-02,126.35
2021-09-03,130.83
2021-09-04,124.31
2021-09-05,120.34
2021-09-06,113.29
2021-09-07,104.68
2021-09-08,99.23
2021-09-09,99.0
2021-09-10,100.16
2021-09-11,102.04
2021-09-12,99.93
2021-09-13,100.39
2021-09-14,95.83
2021-09-15,135.46
2021-09-16,882.08
2021-09-17,1311.2
2021-09-18,962.83
2021-09-19,710.21
2021-09-20,563.94
2021-09-21,471.06
2021-09-22,411.1
2021-09-23,376.57
2021-09-24,356.27
2021-09-25,341.77
2021-09-26,332.43
2021-09-27,320.37
2021-09-28,304.49
2021-09-29,284.1
2021-09-30,266.3
2021-10-01,250.19
2021-10-02,238.33
2021-10-03,223.91
2021-10-04,210.35
2021-10-05,197.15
2021-10-06,183.08
2021-10-07,169.61
2021-10-08,156.04
2021-10-09,142.88
2021-10-10,130.83
2021-10-11,119.23
2021-10-12,108.4
2021-10-13,98.31
2021-10-14,89.16
2021-10-15,80.85
2021-10-16,73.13
2021-10-17,66.76
2021-10-18,68.98
2021-10-19,68.98
2021-10-20,75.03
2021-10-21,86.7
2021-10-22,91.9
2021-10-23,87.31
2021-10-24,79.91
2021-10-25,73.47
2021-10-26,68.34
2021-10-27,64.77
2021-10-28,62.39
2021-10-29,61.37
2021-10-30,61.37
2021-10-31,61.52
2021-11-01,60.38
2021-11-02,58.84
2021-11-03,57.48
2021-11-04,56.28
2021-11-05,55.36
2021-11-06,54.72
2021-11-07,53.7
2021-11-08,52.21
2021-11-09,50.29
2021-11-10,48.32
2021-11-11,46.53
2021-11-12,44.81
2021-11-13,43.26
2021-11-14,41.85
2021-11-15,40.4
2021-11-16,39.09
2021-11-17,37.9
2021-11-18,36.76
2021-11-19,35.81
2021-11-20,34.97
2021-11-21,34.24
2021-11-22,33.51
2021-11-23,32.88
2021-11-24,32.34
2021-11-25,31.81
2021-11-26,31.43
2021-11-27,31.14
2021-11-28,30.84
2021-11-29,30.55
2021-11-30,30.33
2021-12-01,29.76
2021-12-02,29.2
2021-12-03,28.72
2021-12-04,28.31
2021-12-05,28.11
2021-12-06,27.97
2021-12-07,27.84
2021-12-08,27.71
2021-12-09,27.64
2021-12-10,27.51
2021-12-11,27.38
2021-12-12,27.31
2021-12-13,27.18
2021-12-14,27.05
2021-12-15,26.93
2021-12-16,26.8
2021-12-17,26.67
2021-12-18,26.54
2021-12-19,26.48
2021-12-20,26.35
2021-12-21,26.29
2021-12-22,26.16
2021-12-23,26.04
2021-12-24,25.98
2021-12-25,25.92
2021-12-26,25.85
2021-12-27,25.79
2021-12-28,28.51
2021-12-29,28.72
2021-12-30,27.64
2021-12-31,26.86
