Timestamp,Target_Node,Clean_Risk_%,Chaos_Sigma_Level,Noisy_Risk_%,Epistemic_Uncertainty_StdDev,Network_State
2026-07-24 11:42:19.530,OOD_NODE_1,4.91,0.2357,5.65,0.0074,LOG-COSH DAMPENING SUCCESS
2026-07-24 11:42:21.330,OOD_NODE_129,2.33,0.1712,3.43,0.011,LOG-COSH DAMPENING SUCCESS
2026-07-24 11:42:23.130,OOD_NODE_22,3.41,0.196,33.22,0.2981,TRAPPED: KNOWLEDGE ENVELOPE BREACH
2026-07-24 11:42:24.930,OOD_NODE_127,2.28,0.1814,0.5,0.0178,LOG-COSH DAMPENING SUCCESS
2026-07-24 11:42:26.730,OOD_NODE_392,9.91,0.2388,10.39,0.0048,LOG-COSH DAMPENING SUCCESS
2026-07-24 11:42:28.530,OOD_NODE_431,5.91,0.0764,5.34,0.0057,LOG-COSH DAMPENING SUCCESS
2026-07-24 11:42:30.330,OOD_NODE_113,6.42,0.1537,7.66,0.0124,LOG-COSH DAMPENING SUCCESS
2026-07-24 11:42:32.130,OOD_NODE_350,2.61,0.0712,1.24,0.0137,LOG-COSH DAMPENING SUCCESS
2026-07-24 11:42:33.930,OOD_NODE_139,5.91,0.1973,6.92,0.0101,LOG-COSH DAMPENING SUCCESS
2026-07-24 11:42:35.730,OOD_NODE_151,8.91,0.1548,10.58,0.0167,LOG-COSH DAMPENING SUCCESS
2026-07-24 11:42:37.530,OOD_NODE_318,6.41,0.2357,8.9,0.0249,LOG-COSH DAMPENING SUCCESS
2026-07-24 11:42:39.330,OOD_NODE_395,2.64,0.1483,2.97,0.0033,LOG-COSH DAMPENING SUCCESS
2026-07-24 11:42:41.130,OOD_NODE_294,7.92,0.2334,6.7,0.0122,LOG-COSH DAMPENING SUCCESS
2026-07-24 11:42:42.930,OOD_NODE_383,6.41,0.0573,7.73,0.0132,LOG-COSH DAMPENING SUCCESS
2026-07-24 11:42:44.730,OOD_NODE_226,4.91,0.1227,7.84,0.0293,LOG-COSH DAMPENING SUCCESS
