Timestamp,Target_Node,Base_Expected_Risk_%,SHAP_Elevation,SHAP_Rainfall,SHAP_Discharge,Final_Predicted_Risk_%,LIME_Local_Fidelity
2026-07-24 11:43:34.589,REAL_NODE_47,5.0,5.108,0.506,0.551,6.91,0.985
2026-07-24 11:43:37.089,REAL_NODE_55,5.0,4.708,0.501,0.551,6.41,0.985
2026-07-24 11:43:39.589,REAL_NODE_94,5.0,3.908,0.517,0.551,5.41,0.985
2026-07-24 11:43:42.089,REAL_NODE_105,5.0,7.108,0.516,0.551,9.41,0.985
2026-07-24 11:43:44.589,REAL_NODE_124,5.0,-19.292,0.506,0.551,2.29,0.985
2026-07-24 11:43:47.089,REAL_NODE_44,5.0,-19.292,0.501,0.551,2.09,0.985
2026-07-24 11:43:49.589,REAL_NODE_3,5.0,5.108,0.518,0.551,6.91,0.985
2026-07-24 11:43:52.089,REAL_NODE_196,5.0,6.308,0.499,0.551,8.41,0.985
2026-07-24 11:43:54.589,REAL_NODE_51,5.0,4.708,0.498,0.551,6.41,0.985
2026-07-24 11:43:57.089,REAL_NODE_48,5.0,4.708,0.476,0.551,6.41,0.985
